id_produit;calories_100g;sucres_100g;graisses_saturees_100g;sel_100g;fibres_100g;proteines_100g;nb_additifs;bio;ultra_transforme;score_yuka_ordonne;classe_yuka
1;229.8;10.3;3.7;1.22;2.7;0;4;1;1;1;Mauvais
2;282.5;23.6;6.0;0.87;1.2;1.9;0;0;0;1;Mauvais
3;446.7;32.8;3.3;1.03;7.0;12.5;2;0;0;1;Mauvais
4;121.8;20.8;6.0;0.07;5.1;2.0;2;1;1;2;Médiocre
5;257.0;16.6;3.3;1.64;1.4;10.6;0;0;0;2;Médiocre
6;357.6;26.2;5.5;1.3;6.6;6.5;1;0;0;1;Mauvais
7;369.4;13.7;3.8;1.21;7.8;3.4;0;0;0;2;Médiocre
8;240.2;19.5;1.8;0.62;0;1.6;1;0;0;1;Mauvais
9;314.5;13.4;0.3;0.04;2.2;7.9;1;0;0;3;Bon
10;228.9;26.2;6.4;1.21;0;10.6;4;0;1;1;Mauvais
11;491.5;1.4;2.7;1.62;1.9;5.2;3;0;0;1;Mauvais
12;518.4;19.3;5.2;0.72;2.1;7.2;3;0;1;1;Mauvais
13;223.2;32.2;2.2;0.99;0;5.0;0;0;0;1;Mauvais
14;179.3;11.4;4.4;1.34;1.5;5.1;0;1;0;2;Médiocre
15;266.6;17.2;7.6;0.49;0;8.5;3;0;1;1;Mauvais
16;28.6;15.3;0;0;5.1;9.9;0;0;1;4;Excellent
17;150.2;15.8;4.0;2.16;0;10.5;1;1;0;2;Médiocre
18;282.0;21.9;6.7;1.01;5.0;6.6;3;0;0;1;Mauvais
19;316.1;18.9;7.9;0.65;0;4.8;0;0;0;1;Mauvais
20;305.5;11.0;5.6;1.54;2.2;3.7;0;0;1;1;Mauvais
21;88.0;18.4;0;0.6;4.1;14.6;0;0;0;4;Excellent
22;250.6;8.1;0;1.36;4.0;7.0;0;0;0;3;Bon
23;359.6;0;0;0;2.8;6.5;3;0;0;3;Bon
24;73.9;2.3;5.2;1.62;2.7;12.8;5;0;1;2;Médiocre
25;248.0;12.8;4.6;0;2.7;15.2;1;0;1;3;Bon
26;343.8;0.6;4.9;1.05;1.1;17.0;3;0;0;2;Médiocre
27;444.6;22.5;6.3;0.39;1.9;5.0;5;0;1;1;Mauvais
28;478.6;4.4;7.6;0;2.5;15.7;0;0;0;2;Médiocre
29;134.2;14.1;4.6;0.39;4.6;7.5;0;0;0;3;Bon
30;0;28.6;0;0.48;8.0;15.8;0;0;0;4;Excellent
31;233.7;3.4;1.2;0.36;0.5;11.3;0;0;1;3;Bon
32;206.0;0;2.6;0.3;6.3;10.1;0;0;0;4;Excellent
33;197.8;21.5;1.9;1.09;4.8;10.7;6;0;1;1;Mauvais
34;194.5;24.0;6.5;0.8;0.0;9.8;2;0;0;1;Mauvais
35;453.0;1.6;4.6;1.02;0;6.3;0;0;0;1;Mauvais
36;259.8;14.1;4.1;1.48;3.6;5.4;1;0;1;1;Mauvais
37;257.7;26.6;9.0;0.83;3.1;4.6;1;1;0;1;Mauvais
38;251.4;31.4;0;1.09;0;0;2;0;0;1;Mauvais
39;0;11.4;0;0.42;2.9;1.3;0;0;0;4;Excellent
40;171.6;6.3;6.2;1.03;2.7;11.3;1;1;1;3;Bon
41;381.8;16.0;1.0;0.64;3.7;12.0;5;0;1;1;Mauvais
42;263.4;2.3;6.8;0.82;3.1;0;6;0;1;1;Mauvais
43;171.3;7.7;4.6;1.43;5.2;7.8;2;0;1;2;Médiocre
44;226.5;10.4;1.0;1.28;6.5;8.2;0;0;1;3;Bon
45;140.0;27.0;0.4;1.49;3.9;3.7;0;1;0;3;Bon
46;114.2;0;5.9;0.68;4.4;7.4;0;0;0;4;Excellent
47;259.0;6.0;0.1;0.18;6.5;13.1;7;1;1;3;Bon
48;94.5;0;0.2;1.37;6.4;10.5;2;1;0;4;Excellent
49;541.3;31.8;4.6;0.26;0.8;9.1;1;0;0;1;Mauvais
50;442.9;8.5;6.2;0;0;10.2;7;0;1;1;Mauvais
51;101.1;13.1;3.7;0.33;5.8;0;0;0;1;3;Bon
52;225.5;13.7;5.1;0.49;4.1;15.7;0;0;0;3;Bon
53;261.0;0;1.9;0.25;3.3;4.9;0;0;0;4;Excellent
54;105.4;10.0;3.9;0.26;2.4;3.2;0;1;1;3;Bon
55;256.9;5.6;4.7;1.48;1.9;0;1;0;1;1;Mauvais
56;260.1;13.5;1.7;0.7;6.1;6.0;2;1;0;3;Bon
57;109.1;6.9;2.2;0.94;8.6;10.8;1;0;0;4;Excellent
58;325.1;13.9;1.6;0.6;4.3;6.9;3;0;0;2;Médiocre
59;105.9;15.3;9.8;0;1.8;13.5;2;0;0;2;Médiocre
60;206.3;7.1;4.5;1.01;5.7;7.1;2;0;1;2;Médiocre
61;45.3;16.3;8.7;0.31;0.4;1.8;6;0;1;1;Mauvais
62;469.9;1.8;5.6;0.96;1.5;14.8;1;0;1;1;Mauvais
63;404.4;7.8;2.8;0.81;5.6;8.3;0;0;1;2;Médiocre
64;459.1;12.0;3.9;0.97;3.1;1.4;2;0;1;1;Mauvais
65;188.8;12.2;2.4;1.24;0.6;0;0;0;0;2;Médiocre
66;201.2;20.1;7.0;0.69;0;5.6;2;0;0;1;Mauvais
67;257.9;0;4.1;0.4;0;3.5;1;0;1;2;Médiocre
68;81.5;8.0;11.8;1.83;5.4;4.1;0;0;0;2;Médiocre
69;211.0;30.8;6.2;0.74;0.7;5.4;5;0;1;1;Mauvais
70;0;23.9;0;0.75;2.6;11.1;1;0;0;4;Excellent
71;150.2;22.5;0.8;0.62;2.3;9.9;2;0;1;2;Médiocre
72;302.0;2.8;1.1;0;5.9;6.3;0;0;0;4;Excellent
73;34.0;16.3;0.3;1.27;4.6;11.6;7;0;1;2;Médiocre
74;413.4;0;5.9;0.35;1.4;14.3;3;0;1;1;Mauvais
75;411.7;20.2;6.3;0.33;1.1;0;0;0;0;1;Mauvais
76;72.6;9.5;4.5;0.45;7.4;11.8;2;0;0;4;Excellent
77;247.3;19.7;9.4;0.86;6.1;2.6;0;0;0;1;Mauvais
78;155.6;15.5;5.1;0.47;0.8;10.8;0;0;0;3;Bon
79;159.2;0;7.9;1.05;0;7.2;0;0;0;2;Médiocre
80;97.2;1.6;3.2;0;4.9;1.0;5;0;1;3;Bon
81;50.5;4.2;6.1;1.07;3.0;3.9;0;0;0;3;Bon
82;302.3;5.3;5.6;0.19;4.4;0;0;1;0;3;Bon
83;613.2;8.7;5.0;0.26;3.1;6.2;1;0;0;1;Mauvais
84;396.1;0;5.7;1.08;8.1;8.6;1;0;1;2;Médiocre
85;185.6;15.0;6.4;0.63;1.9;7.1;4;1;1;1;Mauvais
86;235.4;0;0;1.28;4.5;11.3;0;0;0;4;Excellent
87;512.2;6.0;7.7;1.33;0;3.2;0;0;1;1;Mauvais
88;131.2;1.5;9.2;0.94;3.1;9.6;1;1;0;3;Bon
89;335.4;5.5;7.9;1.83;7.9;7.2;0;1;0;2;Médiocre
90;273.9;12.3;4.5;0.37;2.3;9.8;0;0;0;3;Bon
91;279.4;0.2;6.8;1.25;3.7;6.5;3;0;0;1;Mauvais
92;398.3;16.3;0.3;1.33;0;7.7;0;1;0;1;Mauvais
93;131.7;2.6;0;2.53;0.3;6.0;2;1;0;3;Bon
94;276.6;0;4.7;1.44;3.3;11.5;1;0;1;2;Médiocre
95;193.3;16.1;5.0;0.7;3.5;5.1;0;0;0;2;Médiocre
96;134.0;8.6;6.0;1.19;0.9;0;4;0;1;1;Mauvais
97;297.5;26.2;4.2;1.08;4.3;3.0;3;0;0;1;Mauvais
98;229.8;10.2;9.1;0.31;2.8;10.1;2;0;0;2;Médiocre
99;374.6;23.0;8.9;0.99;3.6;12.1;0;0;0;1;Mauvais
100;289.6;13.7;6.3;1.5;2.1;3.5;2;0;0;1;Mauvais
101;362.1;19.0;3.1;1.68;0;7.6;0;0;0;1;Mauvais
102;245.7;20.9;9.0;0.85;4.1;11.4;2;0;0;1;Mauvais
103;52.9;5.0;2.7;0.95;5.2;7.6;3;0;0;4;Excellent
104;105.3;5.5;1.9;1.11;1.8;10.8;0;0;1;3;Bon
105;118.0;25.1;6.3;0;3.1;9.8;0;0;0;3;Bon
106;273.4;0.4;4.1;0;0;10.6;1;0;0;3;Bon
107;280.7;15.1;1.6;0.98;2.9;8.7;1;0;0;2;Médiocre
108;94.1;11.5;0;0.44;5.2;3.7;3;0;0;4;Excellent
109;310.6;13.8;6.2;0.47;2.3;1.2;0;0;0;1;Mauvais
110;323.4;20.1;3.4;1.4;1.2;12.7;3;0;1;1;Mauvais
111;81.2;0;5.9;0.41;1.8;5.6;0;0;0;4;Excellent
112;361.5;8.7;0.2;1.54;4.4;0.1;3;0;0;1;Mauvais
113;132.4;16.4;2.8;1.09;4.4;18.8;1;0;1;3;Bon
114;257.6;6.7;2.7;1.05;5.1;0;3;1;0;2;Médiocre
115;261.9;22.8;2.9;1.77;0.1;8.9;0;0;0;1;Mauvais
116;631.9;2.6;1.6;0.92;0.7;11.1;7;0;1;1;Mauvais
117;250.0;26.3;6.7;0.26;6.9;12.8;4;0;1;1;Mauvais
118;315.5;8.8;0;1.36;3.5;12.4;0;1;1;3;Bon
119;385.6;11.7;10.8;1.04;4.9;0.9;3;1;0;1;Mauvais
120;390.8;24.0;3.7;0.82;4.7;8.8;4;0;1;1;Mauvais
121;338.4;17.3;3.7;0.98;0;11.3;1;1;0;2;Médiocre
122;146.3;11.3;6.0;1.3;1.6;4.6;1;0;1;1;Mauvais
123;427.5;11.1;1.4;1.23;0;0;0;1;0;1;Mauvais
124;83.4;0;3.7;0.26;6.0;8.7;3;1;0;4;Excellent
125;77.0;0;8.8;1.2;1.0;8.1;0;0;1;2;Médiocre
126;424.8;11.1;3.9;1.8;3.8;11.4;3;0;0;1;Mauvais
127;427.4;1.4;6.3;0.44;5.9;6.0;1;0;0;2;Médiocre
128;417.2;18.5;5.7;0.12;2.6;8.8;2;0;0;1;Mauvais
129;225.5;14.4;5.9;0.39;5.0;7.0;8;0;1;1;Mauvais
130;85.6;25.6;0.8;0;5.1;12.3;3;1;1;4;Excellent
131;115.7;20.7;0.4;0.25;5.3;5.5;3;0;0;3;Bon
132;250.2;16.9;3.7;0.1;0.6;11.2;0;0;0;3;Bon
133;446.7;25.6;0;1.18;2.0;7.7;2;0;0;1;Mauvais
134;0;6.5;6.8;0.04;6.2;3.9;3;0;1;3;Bon
135;258.1;9.8;1.3;0.61;4.0;1.0;2;1;0;3;Bon
136;274.4;8.5;8.2;0.65;0;9.3;0;0;0;2;Médiocre
137;395.7;9.8;4.9;0.69;4.0;9.0;0;0;0;2;Médiocre
138;181.3;10.4;2.8;1.5;1.5;7.0;6;1;1;1;Mauvais
139;37.4;0.2;0;0.36;3.8;7.3;2;0;0;4;Excellent
140;144.4;3.0;2.3;0.44;5.8;5.5;3;0;0;4;Excellent
141;304.5;25.1;2.2;1.68;2.5;0;8;1;1;1;Mauvais
142;184.0;22.2;3.8;1.25;4.7;9.4;1;0;1;2;Médiocre
143;164.0;23.6;2.0;1.74;0;7.1;1;0;1;1;Mauvais
144;345.3;10.6;3.4;0.95;0;7.3;2;0;0;1;Mauvais
145;416.9;1.1;4.2;0.23;0.4;10.8;0;0;1;2;Médiocre
146;171.9;41.5;3.4;0.53;5.5;6.2;3;0;0;1;Mauvais
147;85.4;11.3;5.6;0.89;1.6;11.9;1;0;0;3;Bon
148;473.5;38.1;3.8;0.3;0.6;15.0;1;0;0;1;Mauvais
149;69.7;0;0;0.26;2.4;0;0;0;0;4;Excellent
150;52.3;4.5;2.4;0.62;0.6;2.0;4;1;1;3;Bon
151;314.0;10.5;6.6;0.86;5.2;13.2;1;0;0;2;Médiocre
152;160.4;1.6;3.3;1.14;4.9;4.6;0;0;0;4;Excellent
153;179.5;7.8;4.1;1.57;4.1;20.3;0;0;1;3;Bon
154;60.3;30.9;4.7;0.34;5.7;12.2;1;0;0;3;Bon
155;221.2;3.0;1.8;0.96;1.3;7.4;1;0;0;3;Bon
156;160.8;8.1;2.2;0.15;2.5;5.7;1;0;1;3;Bon
157;0;24.9;6.5;0.33;5.0;19.2;0;0;0;4;Excellent
158;31.1;8.5;10.1;0.29;5.3;16.2;0;0;0;4;Excellent
159;580.2;2.1;9.5;0.25;6.2;7.4;0;0;0;1;Mauvais
160;343.3;3.0;4.5;1.07;4.4;11.7;0;0;0;3;Bon
161;254.0;5.8;8.0;0;4.4;1.7;0;0;1;2;Médiocre
162;251.3;19.8;4.5;1.8;5.0;5.8;2;1;0;2;Médiocre
163;338.3;17.8;1.1;1.2;6.1;2.2;0;1;0;2;Médiocre
164;264.5;17.3;6.8;1.62;1.0;3.8;1;0;0;1;Mauvais
165;253.7;28.8;4.9;0.62;0;9.6;0;0;1;1;Mauvais
166;178.4;9.5;2.3;1.44;4.3;9.3;1;1;0;4;Excellent
167;95.9;11.1;7.1;1.04;4.4;0;1;0;0;2;Médiocre
168;221.6;15.0;11.0;0.75;8.3;11.9;0;0;0;3;Bon
169;387.3;11.6;8.5;0;0.3;12.3;2;0;0;1;Mauvais
170;82.9;9.2;3.7;0.38;3.5;7.0;0;0;0;4;Excellent
171;252.0;21.2;2.9;2.19;2.8;4.6;3;0;0;1;Mauvais
172;434.8;14.8;3.7;0.62;2.8;1.9;0;0;0;1;Mauvais
173;187.1;29.8;3.7;0.28;0;2.7;0;0;1;1;Mauvais
174;234.5;15.4;9.9;0.41;6.0;3.3;1;0;0;2;Médiocre
175;181.2;14.9;0.4;1.5;0;8.6;0;0;0;3;Bon
176;425.1;9.4;5.5;1.13;4.0;13.9;5;0;1;1;Mauvais
177;162.2;0;5.4;0.52;3.3;0;1;0;0;3;Bon
178;337.7;33.3;0;0.47;0.7;11.2;0;0;0;1;Mauvais
179;406.6;10.7;7.6;0;1.2;10.8;1;0;1;1;Mauvais
180;322.1;19.3;0;1.58;0;7.0;2;0;0;1;Mauvais
181;273.8;6.2;3.4;0.12;5.7;3.9;2;1;1;3;Bon
182;20.6;22.1;4.5;1.73;6.0;7.3;1;0;0;3;Bon
183;233.9;12.1;3.6;0.77;1.0;6.3;8;1;1;1;Mauvais
184;356.1;0;5.1;0.97;4.0;9.6;1;0;0;2;Médiocre
185;99.9;19.2;6.1;0.77;1.0;0;2;0;0;1;Mauvais
186;205.0;10.9;5.8;0.82;0.3;7.0;3;0;0;1;Mauvais
187;343.1;13.8;8.2;0;2.2;7.2;0;0;0;1;Mauvais
188;359.7;8.2;7.9;0.61;3.1;0;1;1;1;1;Mauvais
189;134.5;26.6;9.7;2.18;2.5;1.2;8;1;1;1;Mauvais
190;120.8;26.4;6.9;0.63;3.1;5.8;0;0;0;2;Médiocre
191;218.5;8.4;0.1;0.07;2.8;5.0;0;0;0;4;Excellent
192;261.2;12.6;3.0;1.33;2.8;9.6;0;0;0;2;Médiocre
193;212.4;15.5;1.8;0.49;1.4;9.7;1;1;0;3;Bon
194;194.0;15.7;2.9;1.46;5.5;9.1;1;0;1;2;Médiocre
195;117.1;2.5;4.5;1.07;0.9;18.5;0;0;0;4;Excellent
196;360.9;0;5.6;0.75;0.4;18.0;0;0;0;3;Bon
197;194.8;1.1;2.0;0.59;0;13.5;1;1;0;4;Excellent
198;176.4;0.5;7.2;0.61;2.3;1.8;0;0;0;3;Bon
199;51.7;12.1;4.2;1.68;2.0;0;0;0;0;2;Médiocre
200;438.5;4.6;0;0.51;0;15.2;1;0;1;2;Médiocre
201;126.2;23.4;12.3;1.27;1.9;2.5;3;0;0;1;Mauvais
202;89.7;5.7;1.2;1.0;3.5;0.4;1;0;1;3;Bon
203;317.5;10.8;5.5;0.68;2.0;12.1;0;0;0;2;Médiocre
204;200.4;19.7;4.5;0.52;5.1;1.1;2;1;0;2;Médiocre
205;346.0;22.8;6.1;0.69;1.7;8.8;2;0;1;1;Mauvais
206;133.7;6.6;3.4;0.41;3.1;0;0;1;0;4;Excellent
207;144.6;14.1;6.4;0.24;0.8;1.8;2;0;0;2;Médiocre
208;335.4;0;2.8;1.59;4.2;8.4;0;0;1;2;Médiocre
209;183.6;14.7;2.6;1.06;0.5;1.2;2;0;0;1;Mauvais
210;189.5;22.1;6.7;0.99;4.4;7.2;3;0;0;1;Mauvais
211;18.8;21.7;2.8;0.82;7.2;8.6;0;0;0;4;Excellent
212;238.8;0;2.6;0.71;6.3;12.7;3;0;0;4;Excellent
213;403.0;12.0;0.8;1.7;0;13.0;3;0;0;1;Mauvais
214;201.6;0;4.8;1.08;3.5;10.3;0;0;0;3;Bon
215;217.1;4.1;3.4;1.98;6.8;6.3;0;0;0;3;Bon
216;320.7;6.3;2.6;0;3.3;0;1;0;0;2;Médiocre
217;57.4;0;7.0;1.2;2.0;18.6;1;0;0;4;Excellent
218;50.2;15.8;3.3;0.97;1.3;6.2;1;0;0;3;Bon
219;90.3;5.9;1.3;0.85;2.7;5.6;0;0;0;4;Excellent
220;201.6;7.2;6.2;0.6;1.9;3.9;1;0;1;1;Mauvais
221;218.1;5.1;1.4;0.02;5.8;7.0;0;0;0;4;Excellent
222;374.2;16.2;3.8;0.52;1.0;16.5;0;0;0;2;Médiocre
223;452.6;12.8;0;1.15;2.0;4.9;1;0;0;1;Mauvais
224;0;29.1;3.4;1.1;2.8;9.1;1;0;0;3;Bon
225;368.4;0.0;2.8;1.49;0;6.5;0;1;0;2;Médiocre
226;375.1;19.7;0.9;0.39;10.3;4.9;6;1;1;2;Médiocre
227;109.3;23.3;4.6;0;3.1;6.1;0;0;1;2;Médiocre
228;104.9;11.9;3.6;0.56;0;5.4;0;0;0;3;Bon
229;73.5;0;3.5;0.6;1.7;0;4;1;1;3;Bon
230;66.4;16.0;2.2;1.72;2.9;4.5;2;0;1;2;Médiocre
231;296.0;0;4.8;1.07;3.4;3.1;4;0;1;1;Mauvais
232;207.0;0;6.9;1.11;1.1;11.5;1;0;0;2;Médiocre
233;232.8;4.9;3.1;0.79;4.2;4.2;1;0;1;2;Médiocre
234;241.4;1.6;2.6;1.36;2.6;3.1;0;0;0;3;Bon
235;382.3;0;5.1;0.74;1.0;7.9;4;0;1;1;Mauvais
236;305.0;24.3;2.6;1.59;0;8.5;1;0;1;1;Mauvais
237;97.5;27.7;9.3;0;6.7;7.1;4;0;1;1;Mauvais
238;262.1;23.6;13.5;1.55;2.7;4.9;5;0;1;1;Mauvais
239;0;31.5;5.2;0.94;6.1;13.9;0;0;0;3;Bon
240;318.3;0;3.8;0.28;2.9;9.0;0;0;0;3;Bon
241;110.2;14.2;0;0.45;3.6;11.1;0;1;1;4;Excellent
242;236.8;9.3;5.4;0.34;4.6;9.0;0;0;0;3;Bon
243;27.9;16.9;4.0;1.47;3.5;4.4;0;0;0;3;Bon
244;136.3;1.6;3.7;1.9;3.9;7.2;5;0;1;1;Mauvais
245;400.1;14.9;5.9;1.48;4.1;2.5;0;0;1;1;Mauvais
246;195.9;32.4;8.1;0.98;3.1;11.2;1;0;1;1;Mauvais
247;340.9;31.7;0;0.66;4.4;0;10;0;1;1;Mauvais
248;0;14.1;1.0;0.79;3.9;11.0;0;0;0;4;Excellent
249;628.2;11.9;7.5;1.32;2.5;16.2;5;1;1;1;Mauvais
250;299.1;6.9;0;0.2;1.2;0;0;0;0;3;Bon
251;407.6;39.5;6.6;0.33;1.9;12.4;0;0;1;1;Mauvais
252;331.7;8.7;7.3;1.5;7.2;2.3;0;1;0;2;Médiocre
253;381.2;8.4;6.0;1.1;4.0;9.2;6;0;1;1;Mauvais
254;176.3;8.7;2.4;1.66;5.8;12.8;6;0;1;2;Médiocre
255;346.9;10.6;0;0.24;5.6;13.4;0;0;1;3;Bon
256;365.3;4.9;3.8;1.25;4.8;8.6;0;1;0;3;Bon
257;122.7;20.7;6.8;1.21;5.4;1.5;2;1;1;2;Médiocre
258;105.8;34.4;5.6;0.96;0.1;12.7;1;0;1;1;Mauvais
259;215.1;12.3;5.7;0.67;4.1;5.1;0;0;1;2;Médiocre
260;236.2;4.2;3.6;1.23;6.1;9.0;4;1;1;2;Médiocre
261;193.0;26.2;2.4;0.56;4.5;7.5;0;1;0;3;Bon
262;44.5;13.0;7.2;1.21;5.1;16.6;1;0;0;3;Bon
263;244.2;15.5;4.1;0;5.0;9.4;1;0;0;3;Bon
264;310.8;2.5;0;0.53;0;8.6;1;1;0;4;Excellent
265;453.8;1.5;2.2;0.05;6.1;12.8;0;0;0;4;Excellent
266;0;25.8;0;1.61;0;0.2;0;0;0;2;Médiocre
267;150.6;17.3;3.5;1.46;6.1;0.7;2;0;0;2;Médiocre
268;49.1;3.2;10.3;0.29;1.9;6.1;0;0;0;3;Bon
269;58.9;13.2;6.3;0.91;5.1;12.4;2;1;0;4;Excellent
270;241.6;0;4.5;0.73;3.9;3.1;0;0;0;3;Bon
271;232.3;22.3;2.8;0.49;4.1;16.0;3;0;0;3;Bon
272;315.4;19.3;2.4;0.79;6.1;0;0;0;0;2;Médiocre
273;0;18.0;3.3;0.34;4.3;1.7;2;1;1;3;Bon
274;374.4;30.2;1.6;0.51;5.7;16.1;3;0;0;2;Médiocre
275;0;0.6;6.7;0.12;2.1;3.4;1;1;0;4;Excellent
276;235.3;11.2;3.9;1.88;0.8;19.3;2;0;0;2;Médiocre
277;44.1;15.1;5.4;0.26;5.4;10.6;2;0;0;4;Excellent
278;229.9;16.6;12.2;1.5;0;0;0;0;0;1;Mauvais
279;279.1;0;5.8;0;0.0;2.7;2;0;0;2;Médiocre
280;464.3;15.5;2.2;0.63;2.7;3.5;1;0;0;1;Mauvais
281;401.4;0;5.4;0.53;4.1;8.5;0;0;0;2;Médiocre
282;219.0;15.7;1.0;1.58;1.5;15.2;0;0;0;3;Bon
283;373.8;2.1;5.1;0.72;5.3;3.2;4;0;1;1;Mauvais
284;296.4;7.7;4.9;1.39;0;2.4;1;0;0;1;Mauvais
285;190.6;7.4;3.8;0.76;2.4;15.4;0;0;0;4;Excellent
286;100.8;2.7;0;1.69;2.5;7.9;0;0;1;3;Bon
287;326.7;26.0;2.4;0.48;2.2;2.7;0;0;0;1;Mauvais
288;223.8;0;0.7;1.87;5.3;6.9;5;0;1;2;Médiocre
289;280.5;28.0;7.3;1.52;1.7;5.4;1;0;1;1;Mauvais
290;206.9;11.3;8.4;0.77;2.7;6.2;2;0;0;1;Mauvais
291;373.4;24.6;2.3;0.43;1.1;0.7;0;0;1;1;Mauvais
292;236.3;7.1;5.1;0.99;3.5;10.2;0;0;1;2;Médiocre
293;409.0;14.9;5.8;2.15;2.9;7.3;2;0;0;1;Mauvais
294;391.5;18.4;3.8;0.53;2.9;10.6;9;0;1;1;Mauvais
295;268.1;14.5;2.6;1.84;1.4;14.6;0;0;1;2;Médiocre
296;313.1;20.3;0.1;1.12;3.8;5.5;3;0;0;1;Mauvais
297;44.4;24.8;5.3;0;3.4;4.7;2;1;0;3;Bon
298;37.8;2.3;3.2;0.46;1.3;10.2;0;0;0;4;Excellent
299;241.1;20.7;2.7;0;3.4;0.5;1;0;0;2;Médiocre
300;230.9;7.7;2.8;0.41;0.9;13.2;1;0;0;3;Bon
301;409.2;0;4.8;0.63;1.1;7.2;7;1;1;1;Mauvais
302;165.9;16.2;0;1.07;0;10.2;1;1;0;3;Bon
303;97.7;18.7;5.3;0.8;0.2;2.8;0;0;1;1;Mauvais
304;276.1;22.8;0.1;0.49;0;8.2;2;1;0;2;Médiocre
305;424.0;0;3.0;1.5;2.8;5.5;0;1;0;2;Médiocre
306;180.8;7.9;6.7;0.55;0;9.3;2;1;0;3;Bon
307;54.6;16.5;5.6;0.71;0;7.0;0;0;0;3;Bon
308;326.9;9.0;0;0.34;4.7;10.6;2;0;0;3;Bon
309;346.6;19.7;2.5;0;1.8;14.4;4;0;1;1;Mauvais
310;217.5;20.9;0.0;0;0;0;1;0;0;2;Médiocre
311;69.3;13.6;2.4;0.26;2.9;0;0;0;0;4;Excellent
312;377.5;23.8;5.5;1.75;4.1;10.5;0;0;0;1;Mauvais
313;501.5;15.7;8.8;1.52;2.7;0;3;0;1;1;Mauvais
314;201.5;26.4;6.7;0.54;9.6;3.3;0;0;1;2;Médiocre
315;304.6;0;7.2;0;2.0;0.1;3;0;0;1;Mauvais
316;213.0;6.1;5.7;1.44;1.1;10.7;1;1;0;2;Médiocre
317;229.7;6.4;5.5;1.24;8.5;10.6;2;0;0;3;Bon
318;276.0;3.5;4.4;1.18;5.7;9.5;1;0;1;2;Médiocre
319;184.8;20.2;5.0;1.78;0;3.8;3;0;1;1;Mauvais
320;409.4;4.2;0;0;2.1;3.0;5;0;1;1;Mauvais
321;186.9;33.5;5.3;0.28;3.9;1.9;0;0;1;1;Mauvais
322;423.7;33.7;3.6;0.78;6.4;10.0;3;0;0;1;Mauvais
323;138.0;0;4.7;0;6.9;3.9;0;0;0;4;Excellent
324;160.3;8.7;3.8;1.39;1.2;3.1;0;0;0;2;Médiocre
325;257.0;0;3.6;0.58;4.1;6.0;3;0;1;2;Médiocre
326;87.3;21.0;0.3;0.92;4.6;10.8;3;0;0;3;Bon
327;463.9;2.9;3.6;0.23;6.0;5.0;1;1;1;2;Médiocre
328;362.8;9.2;3.9;0;1.6;11.3;2;0;1;1;Mauvais
329;334.0;0;8.1;0;5.8;6.8;1;0;1;2;Médiocre
330;391.6;22.5;7.4;1.29;4.8;4.4;1;0;0;1;Mauvais
331;169.5;18.6;3.7;0.83;3.0;10.5;2;0;0;3;Bon
332;174.5;18.6;2.2;0.68;0;1.0;4;1;1;1;Mauvais
333;292.2;9.4;4.5;0.85;2.4;6.9;1;0;0;2;Médiocre
334;0;2.1;0;0.98;1.8;9.7;3;0;0;4;Excellent
335;118.2;19.1;1.0;0;4.2;0.5;0;0;0;4;Excellent
336;187.9;17.4;2.9;0.82;2.5;8.1;0;0;0;3;Bon
337;626.5;20.1;1.9;1.64;0;5.7;4;0;1;1;Mauvais
338;174.0;4.2;0.7;0;0.6;6.5;5;0;1;2;Médiocre
339;89.9;12.9;1.2;0.37;4.0;9.3;0;0;1;4;Excellent
340;235.7;7.1;4.7;1.89;2.5;1.4;1;0;1;1;Mauvais
341;354.5;24.0;7.8;0.99;4.8;8.3;0;0;0;1;Mauvais
342;210.8;0;3.7;1.05;0;11.9;4;1;1;2;Médiocre
343;321.8;0;5.8;1.6;2.6;15.0;0;0;0;2;Médiocre
344;323.1;16.2;6.3;0.25;1.8;8.4;0;0;0;2;Médiocre
345;176.5;12.6;0;0.12;6.4;1.8;2;0;0;3;Bon
346;282.4;29.9;4.7;0.23;0;2.6;3;0;1;1;Mauvais
347;280.4;31.7;2.7;2.0;1.6;8.8;2;0;0;1;Mauvais
348;196.6;20.7;6.5;1.52;2.9;16.8;1;0;0;2;Médiocre
349;40.5;21.1;1.1;0.86;1.2;5.7;0;0;0;3;Bon
350;45.1;17.1;5.1;1.15;1.2;9.7;1;0;0;3;Bon
351;260.1;16.0;6.9;0.94;6.4;6.3;1;0;0;2;Médiocre
352;311.2;26.0;4.8;0.34;6.3;8.4;1;0;1;1;Mauvais
353;105.1;5.8;3.9;0.57;4.7;9.2;3;0;0;4;Excellent
354;177.7;7.9;7.5;0.46;2.8;12.1;0;1;0;4;Excellent
355;124.9;0;0;0.4;3.3;0;1;0;0;4;Excellent
356;412.2;8.7;9.7;0.87;3.0;9.2;2;0;1;1;Mauvais
357;70.2;28.9;3.1;2.24;0.8;0;1;0;0;1;Mauvais
358;281.0;19.2;2.7;0.56;7.4;14.0;2;0;0;3;Bon
359;405.0;15.0;1.5;0.32;8.3;6.0;4;0;1;1;Mauvais
360;208.6;10.5;5.0;0.15;0.1;5.5;1;0;1;2;Médiocre
361;346.1;12.5;1.7;0.54;1.5;4.5;1;0;0;2;Médiocre
362;153.7;12.1;3.1;0.25;4.2;3.8;0;1;0;4;Excellent
363;237.2;19.3;1.3;1.04;6.8;17.0;0;0;1;3;Bon
364;348.8;2.2;3.0;0;2.0;13.1;1;0;0;3;Bon
365;129.8;14.8;1.5;1.39;4.8;5.4;0;1;0;4;Excellent
366;361.3;27.5;1.2;1.51;0;7.6;4;0;1;1;Mauvais
367;302.0;16.8;5.0;0.29;0.8;2.2;4;1;1;1;Mauvais
368;202.6;19.6;3.5;1.66;2.6;12.4;4;0;1;1;Mauvais
369;473.5;14.3;0.3;0;2.7;5.1;0;1;1;2;Médiocre
370;388.9;13.7;4.1;0.55;2.9;9.9;2;0;0;1;Mauvais
371;198.0;8.2;4.4;0.68;0.4;0;0;0;0;2;Médiocre
372;0;21.0;3.4;0.45;0.1;2.9;2;0;0;3;Bon
373;150.0;22.2;5.1;0.19;1.7;9.9;0;1;0;3;Bon
374;232.2;12.2;10.4;0.12;2.7;7.1;1;0;1;1;Mauvais
375;97.4;18.8;2.6;1.02;2.8;2.0;1;0;0;2;Médiocre
376;464.6;2.3;3.0;0.35;2.8;0;1;0;1;1;Mauvais
377;167.6;6.6;2.6;0.53;3.8;7.2;1;0;1;3;Bon
378;235.4;4.8;6.0;1.37;1.8;10.6;3;0;0;2;Médiocre
379;441.1;0;8.9;1.16;5.5;9.4;0;0;0;1;Mauvais
380;262.1;4.5;4.4;0.16;2.9;5.7;1;0;0;3;Bon
381;199.4;4.1;2.1;1.56;8.7;10.1;1;0;0;4;Excellent
382;400.4;21.2;3.2;1.12;2.8;9.5;3;1;1;1;Mauvais
383;139.0;6.5;5.5;0.99;5.9;10.8;5;0;1;2;Médiocre
384;116.1;0;4.4;0.5;3.8;21.1;3;0;0;4;Excellent
385;200.9;3.3;8.3;1.76;0.3;7.5;0;0;1;1;Mauvais
386;237.6;4.0;7.3;0;2.1;6.4;0;0;0;3;Bon
387;260.7;13.8;7.2;0;3.3;15.0;2;0;0;2;Médiocre
388;67.1;7.6;2.1;1.57;5.3;10.9;0;0;1;4;Excellent
389;186.4;12.4;0;0.31;1.3;1.9;2;0;0;3;Bon
390;336.7;9.1;0;0.87;6.9;11.3;0;0;0;3;Bon
391;182.7;0;3.9;0.97;4.9;8.8;6;0;1;2;Médiocre
392;145.5;10.8;2.7;0.53;3.0;1.8;0;0;0;3;Bon
393;312.7;7.9;5.3;1.35;2.2;9.5;12;0;1;1;Mauvais
394;373.9;11.5;0.5;1.54;0;10.4;2;0;1;1;Mauvais
395;190.8;0;1.0;0.39;5.1;6.8;0;0;0;4;Excellent
396;81.6;7.8;5.6;0.64;5.3;8.1;0;0;0;4;Excellent
397;368.5;17.5;8.2;0.32;2.3;0;0;0;0;1;Mauvais
398;152.2;7.2;3.5;0.02;3.7;7.8;3;0;0;3;Bon
399;318.6;6.8;1.7;0.13;7.3;7.6;1;0;1;3;Bon
400;151.1;11.9;8.6;1.1;0.9;10.4;2;0;1;1;Mauvais
401;289.2;15.1;3.1;0.72;2.2;8.2;1;0;1;1;Mauvais
402;47.1;13.1;5.4;1.58;2.8;3.3;0;0;0;3;Bon
403;178.7;19.2;3.4;0.73;0.5;21.0;2;0;0;3;Bon
404;84.5;24.0;4.9;0.57;8.7;11.1;5;0;1;2;Médiocre
405;221.4;12.7;4.9;1.52;3.9;12.8;0;0;0;2;Médiocre
406;433.9;13.5;3.5;0.65;4.0;10.6;3;0;1;1;Mauvais
407;373.1;0.2;4.4;0.71;5.4;1.6;0;0;0;2;Médiocre
408;365.5;2.9;5.4;1.45;0;10.0;0;0;0;1;Mauvais
409;321.3;19.7;1.5;1.47;3.6;20.8;1;0;0;2;Médiocre
410;422.9;29.4;3.3;0.59;0;15.6;2;0;1;1;Mauvais
411;551.8;8.0;2.2;1.46;3.4;9.6;1;0;0;1;Mauvais
412;175.4;11.2;12.2;0.76;6.6;16.2;5;0;1;1;Mauvais
413;340.1;17.9;7.5;0.14;3.5;0;1;0;0;1;Mauvais
414;262.1;7.3;6.0;1.73;1.5;4.5;1;0;1;1;Mauvais
415;189.6;1.5;0;0.79;2.4;2.3;4;0;1;2;Médiocre
416;483.2;15.4;6.4;0.84;0;11.3;9;0;1;1;Mauvais
417;148.3;14.0;3.3;0.9;2.8;2.1;0;0;0;3;Bon
418;424.9;0;0.7;0.71;3.3;5.7;12;0;1;1;Mauvais
419;92.3;7.7;3.3;0.66;2.4;11.9;0;0;0;4;Excellent
420;409.1;16.1;7.5;1.68;0;9.4;0;0;0;1;Mauvais
421;118.8;17.7;5.7;1.52;2.6;3.7;1;0;0;2;Médiocre
422;365.3;19.2;1.6;1.35;0;12.9;1;0;0;1;Mauvais
423;404.0;5.2;3.1;0.51;4.1;4.7;2;0;0;2;Médiocre
424;200.9;8.4;5.4;1.1;1.6;4.3;1;0;0;2;Médiocre
425;107.8;13.6;7.6;1.19;3.1;13.3;2;0;0;2;Médiocre
426;376.0;0.2;5.3;0.37;3.7;6.2;1;1;0;3;Bon
427;46.2;2.1;5.5;1.39;0;1.5;0;0;0;3;Bon
428;91.1;17.6;3.6;1.11;2.3;3.2;1;0;0;2;Médiocre
429;225.0;0;7.4;0.74;0.8;0;9;0;1;1;Mauvais
430;0;6.8;3.0;1.05;0.2;4.7;2;0;1;3;Bon
431;257.8;11.9;8.2;0.93;6.6;13.6;3;0;0;2;Médiocre
432;236.3;10.9;4.7;1.27;3.5;2.8;1;0;1;1;Mauvais
433;219.0;0;5.8;0.87;1.9;11.0;2;0;0;3;Bon
434;44.0;0;1.4;0.68;3.5;1.9;3;0;0;4;Excellent
435;156.7;10.5;1.9;0;4.8;4.0;7;0;1;2;Médiocre
436;124.5;7.7;0;0.12;3.0;0;0;1;0;4;Excellent
437;0;19.3;4.5;1.3;6.3;12.7;3;0;0;3;Bon
438;159.1;12.0;8.3;0.35;0;5.7;0;0;0;2;Médiocre
439;237.4;11.9;8.2;0.42;2.1;5.8;1;1;0;2;Médiocre
440;143.0;7.9;6.1;0.47;3.7;10.8;0;0;1;3;Bon
441;444.6;13.3;2.0;0.76;1.7;10.5;0;0;0;1;Mauvais
442;153.6;6.1;2.5;0.91;0;8.4;0;1;0;4;Excellent
443;27.7;1.5;2.7;0.01;1.2;15.5;2;0;0;4;Excellent
444;371.0;0;0.8;0.93;1.4;0;1;0;1;1;Mauvais
445;369.3;6.8;2.6;0;4.2;0;1;1;0;3;Bon
446;364.2;27.0;2.8;0.61;6.7;12.6;3;0;0;2;Médiocre
447;132.6;18.0;1.3;0.28;5.4;6.2;0;0;0;4;Excellent
448;290.8;0;4.4;1.68;8.1;12.4;1;0;0;3;Bon
449;288.1;6.4;5.1;0.74;6.6;12.8;3;0;0;3;Bon
450;369.6;0;7.5;0.31;4.4;7.0;0;0;0;2;Médiocre
451;199.0;4.1;0;0.23;1.0;18.3;1;0;0;4;Excellent
452;331.3;18.0;1.4;1.35;6.7;9.6;3;0;0;2;Médiocre
453;208.5;2.4;2.8;1.34;0.7;11.3;2;0;1;1;Mauvais
454;293.4;7.1;8.5;0.79;3.6;8.4;0;0;0;2;Médiocre
455;116.6;17.6;5.0;0.01;1.6;8.4;1;0;0;3;Bon
456;104.4;4.0;5.3;0.44;0.4;6.9;1;0;0;3;Bon
457;371.6;19.5;3.4;0.49;2.2;0;9;0;1;1;Mauvais
458;296.4;9.3;0;0.97;4.0;6.5;2;0;0;2;Médiocre
459;278.1;0.9;0.6;0.75;2.7;1.8;7;0;1;1;Mauvais
460;456.1;4.2;3.4;0.04;5.6;9.1;0;1;0;4;Excellent
461;236.7;16.0;0;0.76;2.8;9.6;0;0;1;2;Médiocre
462;182.8;8.9;0;1.16;2.7;14.7;1;0;0;4;Excellent
463;449.9;30.4;6.0;1.38;7.3;6.7;0;0;0;1;Mauvais
464;137.1;23.9;4.1;0.5;4.2;11.4;0;0;0;3;Bon
465;206.3;1.1;7.7;1.76;8.7;7.9;1;0;0;3;Bon
466;423.4;5.0;7.1;0.63;7.3;2.1;0;0;1;1;Mauvais
467;283.7;0;3.6;0.0;3.8;11.3;2;1;0;4;Excellent
468;313.3;12.3;6.6;1.2;3.4;11.0;0;1;1;2;Médiocre
469;451.1;25.5;7.0;1.44;5.6;3.2;7;0;1;1;Mauvais
470;0;16.8;0;0;2.6;12.2;5;0;1;3;Bon
471;466.8;19.8;2.0;1.16;8.8;11.6;0;0;0;2;Médiocre
472;320.8;22.5;7.2;1.61;3.7;14.0;5;0;1;1;Mauvais
473;0;19.1;6.5;1.49;6.4;4.0;0;0;0;3;Bon
474;401.2;7.7;0;1.25;3.8;0;1;1;0;2;Médiocre
475;0;2.4;1.1;1.5;0.1;11.1;7;1;1;3;Bon
476;385.9;17.4;4.4;0;3.3;8.3;1;0;0;2;Médiocre
477;212.6;15.3;0.7;0.08;4.0;9.5;2;0;0;3;Bon
478;188.6;23.6;5.7;0.23;3.7;7.0;0;0;1;2;Médiocre
479;125.5;0;6.3;1.44;3.6;6.4;0;0;0;3;Bon
480;271.0;14.8;2.1;1.8;1.5;7.8;1;0;1;1;Mauvais
481;296.5;29.8;0;1.29;6.7;6.2;0;0;0;2;Médiocre
482;144.5;7.0;5.2;1.03;0;10.9;1;0;0;3;Bon
483;254.3;10.3;3.7;0.81;3.5;9.0;2;0;0;3;Bon
484;216.3;5.6;1.7;0.24;0;13.2;2;1;1;3;Bon
485;79.5;0;3.8;0.85;3.1;9.5;1;1;0;4;Excellent
486;296.1;28.8;2.7;0.39;4.5;15.4;2;0;0;2;Médiocre
487;444.1;15.9;3.3;1.43;0.7;14.8;3;1;0;1;Mauvais
488;471.7;26.1;3.3;0.01;2.2;10.0;2;0;0;1;Mauvais
489;228.3;0;2.5;1.1;0.2;8.0;4;1;1;2;Médiocre
490;192.4;15.5;3.2;0;4.7;6.5;0;0;1;3;Bon
491;88.0;29.4;0;0.16;0.8;1.8;0;0;0;2;Médiocre
492;26.3;1.6;3.1;1.75;2.8;3.3;0;0;0;3;Bon
493;237.4;11.5;4.9;0.78;0;8.6;0;0;0;2;Médiocre
494;229.3;11.4;3.2;0;4.4;10.1;2;1;0;4;Excellent
495;395.7;0;7.3;0.9;3.7;0;1;0;0;1;Mauvais
496;284.3;9.1;6.1;0.46;5.6;8.1;0;0;0;3;Bon
497;502.2;22.0;3.9;0.6;6.5;4.5;4;1;1;1;Mauvais
498;192.3;16.6;3.0;0.72;2.6;3.7;8;0;1;1;Mauvais
499;421.1;7.1;6.0;0.7;2.9;3.4;0;0;0;1;Mauvais
500;159.0;21.5;2.5;0.75;2.1;0;1;0;0;2;Médiocre
501;342.5;7.1;5.4;0.72;2.4;14.6;1;0;0;2;Médiocre
502;421.6;9.6;5.9;1.21;0;9.5;0;1;0;1;Mauvais
503;138.9;24.0;2.1;1.51;1.4;0;1;0;1;1;Mauvais
504;239.9;23.5;9.1;0.61;5.2;8.4;1;1;0;2;Médiocre
505;513.9;8.8;2.4;0;4.1;10.0;0;0;1;2;Médiocre
506;215.6;11.0;2.9;1.3;0.8;11.5;0;0;0;2;Médiocre
507;344.7;20.8;3.9;0.85;2.5;0;0;0;0;1;Mauvais
508;376.1;6.0;2.2;0;4.1;5.4;1;0;0;3;Bon
509;289.4;13.8;1.5;0.18;4.0;18.5;0;1;0;4;Excellent
510;393.0;18.2;4.9;1.29;0;0;5;0;1;1;Mauvais
511;221.9;21.1;10.0;0.63;6.4;11.2;1;0;0;2;Médiocre
512;394.5;10.1;5.3;0.6;2.1;5.9;0;0;0;1;Mauvais
513;374.4;6.7;0;0.48;3.0;4.3;0;0;0;3;Bon
514;104.5;7.9;4.2;0.81;2.5;19.5;3;0;0;4;Excellent
515;36.6;12.8;4.0;1.1;1.6;22.8;0;0;0;4;Excellent
516;139.6;3.8;3.5;0.52;0;6.5;4;1;1;2;Médiocre
517;304.5;8.3;5.2;1.21;0;12.3;0;0;0;2;Médiocre
518;259.2;5.7;8.2;1.36;0;4.2;3;0;0;1;Mauvais
519;402.0;19.5;4.2;0.71;0.6;6.4;1;0;0;1;Mauvais
520;266.3;18.4;7.3;0.3;4.5;1.7;1;0;0;1;Mauvais
521;479.5;20.5;7.0;0.48;2.1;11.4;3;0;0;1;Mauvais
522;241.6;9.7;4.8;0.41;3.9;4.8;0;1;1;3;Bon
523;286.4;0;5.4;0.88;3.8;1.2;0;1;0;3;Bon
524;333.2;8.7;5.6;0.58;2.4;8.8;4;0;1;1;Mauvais
525;337.9;22.0;3.7;0.36;2.0;6.0;1;1;1;1;Mauvais
526;391.6;4.8;5.3;0.75;3.7;12.8;2;0;0;1;Mauvais
527;305.2;20.5;2.5;1.09;3.2;9.4;9;1;1;1;Mauvais
528;212.3;11.0;3.3;1.06;2.3;13.6;0;0;0;3;Bon
529;305.7;6.9;9.2;1.29;0;8.1;0;0;0;1;Mauvais
530;217.9;8.5;5.9;1.28;2.0;5.8;5;0;1;1;Mauvais
531;321.5;11.7;6.5;0;2.3;14.8;1;0;0;2;Médiocre
532;61.8;14.1;1.2;1.19;2.2;15.4;0;0;0;4;Excellent
533;287.4;13.9;8.1;1.18;5.4;6.1;2;1;0;2;Médiocre
534;274.9;5.5;2.2;0.21;2.8;11.6;4;0;1;2;Médiocre
535;159.4;17.8;1.6;1.27;6.1;8.3;4;0;1;2;Médiocre
536;397.4;23.9;2.6;0.82;1.3;0.5;2;0;0;1;Mauvais
537;123.1;19.4;8.1;0.65;0;18.0;0;1;1;3;Bon
538;248.4;9.7;6.1;0.45;4.9;9.6;0;0;0;3;Bon
539;0;0;6.3;1.0;2.7;7.9;0;0;0;4;Excellent
540;227.5;27.3;0;0;1.2;10.5;1;0;1;2;Médiocre
541;11.8;11.7;1.8;1.5;1.3;11.1;1;0;0;4;Excellent
542;239.8;15.0;7.0;0.79;3.6;15.1;0;0;1;2;Médiocre
543;300.3;1.2;5.3;1.84;1.8;3.5;3;0;0;1;Mauvais
544;141.2;4.2;4.2;0.42;6.9;7.9;4;0;1;3;Bon
545;409.4;7.3;0.1;0.12;0.0;9.6;2;0;0;2;Médiocre
546;203.2;4.2;1.6;1.01;3.4;5.4;0;0;0;3;Bon
547;135.1;5.9;5.5;1.06;3.1;16.4;1;0;0;3;Bon
548;290.9;16.6;3.7;1.88;2.2;4.4;4;0;1;1;Mauvais
549;287.2;8.8;0;0.08;5.1;4.0;1;0;1;3;Bon
550;558.2;4.8;3.9;2.05;3.1;9.5;3;0;0;1;Mauvais
551;263.0;22.4;5.1;1.09;5.6;6.0;0;0;0;2;Médiocre
552;102.4;0;9.1;0;0.4;13.0;3;1;0;4;Excellent
553;75.6;0;2.1;0;3.2;13.3;0;0;0;4;Excellent
554;435.3;0;0;1.65;0;15.6;0;1;0;3;Bon
555;490.3;0;0;0;3.3;1.9;0;0;0;3;Bon
556;20.6;22.0;2.8;0;5.0;0;2;0;0;4;Excellent
557;238.2;1.0;5.0;0.83;0.8;1.5;3;1;0;2;Médiocre
558;321.3;14.9;0;0.64;5.1;0;4;0;1;1;Mauvais
559;23.9;14.2;3.7;1.71;5.1;0;0;0;1;2;Médiocre
560;550.4;4.7;1.5;0.13;8.6;0;0;0;1;2;Médiocre
561;246.1;16.3;0;1.87;5.9;12.4;1;0;0;3;Bon
562;229.3;5.7;7.4;0.0;2.3;12.7;0;0;0;3;Bon
563;184.0;15.1;3.4;1.25;0;0;1;0;0;1;Mauvais
564;164.5;0;2.7;0;3.0;9.2;0;0;1;4;Excellent
565;352.7;14.2;2.1;0.45;1.1;10.0;7;0;1;1;Mauvais
566;0;11.5;5.1;0.58;1.7;12.6;0;1;1;4;Excellent
567;352.1;8.4;7.0;0.22;3.1;3.1;0;0;0;2;Médiocre
568;325.0;13.9;4.1;0.96;2.7;14.8;1;0;0;2;Médiocre
569;208.9;0.9;0;0.85;3.9;5.1;0;0;1;3;Bon
570;207.9;32.8;0.6;0.39;6.0;5.9;1;0;1;2;Médiocre
571;274.4;10.5;2.1;0;0.4;11.1;6;0;1;1;Mauvais
572;0;19.1;3.7;0.76;6.6;5.6;6;0;1;2;Médiocre
573;425.2;8.6;4.2;0.98;1.6;3.5;0;1;0;1;Mauvais
574;408.5;35.3;4.9;0.61;3.9;4.6;3;0;0;1;Mauvais
575;101.3;12.6;4.9;0.32;2.5;4.6;2;0;0;3;Bon
576;71.8;13.9;0;1.27;4.3;0.6;1;0;1;3;Bon
577;284.4;27.0;6.0;1.38;0.9;2.6;0;0;0;1;Mauvais
578;460.0;27.5;6.0;0.19;2.8;8.5;0;1;1;1;Mauvais
579;153.6;1.0;4.0;1.26;5.6;9.9;0;0;1;3;Bon
580;498.1;22.2;2.8;1.56;0;9.1;2;0;0;1;Mauvais
581;342.1;27.2;0;0.06;5.4;10.8;0;1;1;3;Bon
582;497.0;0;1.2;0.39;0;0;0;0;0;1;Mauvais
583;266.5;13.2;4.4;0.87;7.9;5.2;0;0;0;3;Bon
584;272.7;5.7;2.9;1.44;2.5;7.2;0;1;0;3;Bon
585;368.2;1.8;5.2;1.54;3.4;5.6;0;0;0;2;Médiocre
586;140.6;9.2;0.5;0.85;0.1;3.3;2;0;0;3;Bon
587;142.4;16.1;9.8;1.29;0.5;9.8;1;0;0;1;Mauvais
588;193.4;18.0;5.2;2.09;1.2;12.8;4;0;1;1;Mauvais
589;164.7;0;6.2;0.02;2.6;0;3;0;0;2;Médiocre
590;213.4;7.4;5.3;1.58;5.1;10.1;11;0;1;1;Mauvais
591;389.7;0;5.1;0.84;0;9.9;0;0;0;2;Médiocre
592;524.8;17.9;3.8;1.14;1.9;1.4;2;0;0;1;Mauvais
593;287.0;7.9;7.2;1.31;4.2;0;3;1;1;1;Mauvais
594;319.4;8.9;3.2;1.43;0;6.7;0;0;0;1;Mauvais
595;262.5;4.6;5.0;0.29;1.9;6.9;1;0;0;3;Bon
596;253.2;1.5;4.7;1.87;0.8;9.7;1;0;0;2;Médiocre
597;262.1;13.1;6.5;0;4.9;9.2;8;1;1;1;Mauvais
598;289.5;10.0;0.8;0.1;1.4;1.9;0;0;0;3;Bon
599;235.9;0;6.4;0.82;0;5.0;2;0;1;1;Mauvais
600;125.0;0;8.0;0.12;1.6;8.9;0;1;0;4;Excellent
601;555.4;34.1;3.7;1.06;0.1;5.1;3;1;1;1;Mauvais
602;263.1;29.2;2.7;0;3.7;8.1;1;0;0;2;Médiocre
603;237.3;1.1;9.4;0.68;6.2;6.6;4;0;1;1;Mauvais
604;182.5;18.6;5.0;0;1.1;0.0;1;0;0;2;Médiocre
605;209.1;15.5;2.7;0;3.8;7.9;4;0;1;2;Médiocre
606;66.0;9.8;1.0;0.73;2.7;12.9;1;0;0;4;Excellent
607;285.0;7.0;7.3;1.48;5.7;12.7;4;1;1;1;Mauvais
608;242.6;0;0;1.88;0.9;3.9;0;0;1;2;Médiocre
609;368.8;11.5;0;0.89;5.1;12.2;0;0;0;3;Bon
610;85.6;28.5;0.6;1.19;0;2.7;3;0;0;1;Mauvais
611;94.4;11.7;0.9;1.0;4.5;3.7;3;0;0;3;Bon
612;0;5.6;7.8;0.18;0;0;2;0;0;3;Bon
613;377.7;21.0;5.5;1.58;2.3;6.2;1;0;0;1;Mauvais
614;365.5;5.0;5.4;0.03;2.4;7.9;4;1;1;1;Mauvais
615;327.8;5.3;3.9;1.1;4.2;8.8;0;0;1;2;Médiocre
616;344.0;24.1;3.7;0.93;5.3;8.8;0;0;0;1;Mauvais
617;318.3;16.6;4.1;0.0;0;7.4;1;1;1;2;Médiocre
618;107.5;13.0;4.6;2.04;2.2;19.8;2;0;0;3;Bon
619;201.2;14.3;2.7;0.5;5.4;6.0;9;0;1;1;Mauvais
620;380.4;6.2;7.4;0.8;4.0;3.4;7;1;1;1;Mauvais
621;31.3;1.0;2.0;1.18;0.8;2.1;1;1;0;4;Excellent
622;193.2;15.1;6.4;1.39;2.5;12.2;2;0;0;2;Médiocre
623;233.3;28.7;1.8;0.93;5.3;6.5;1;0;1;1;Mauvais
624;409.3;12.1;7.7;0.28;0;12.5;2;0;0;1;Mauvais
625;281.0;13.2;6.2;0.02;1.9;2.9;3;0;0;1;Mauvais
626;244.0;10.8;0;1.13;1.3;8.2;0;0;0;3;Bon
627;160.0;6.4;3.6;0.37;0.6;7.2;0;0;0;3;Bon
628;310.8;2.9;6.7;0.23;0;7.2;2;0;0;2;Médiocre
629;285.6;14.6;3.8;1.58;3.4;13.0;3;0;0;1;Mauvais
630;106.9;7.9;8.0;0.47;3.8;6.4;6;0;1;1;Mauvais
631;97.8;24.9;5.6;0.51;2.5;12.1;1;1;1;2;Médiocre
632;476.1;14.6;7.1;0.71;4.7;8.7;0;0;0;1;Mauvais
633;316.9;0;2.1;0.41;3.0;9.4;0;0;1;3;Bon
634;477.0;6.0;0.3;0.1;0.7;2.3;0;1;1;2;Médiocre
635;317.1;14.1;6.8;0.48;1.9;13.7;0;0;0;2;Médiocre
636;442.7;21.5;4.4;1.61;2.8;6.4;1;0;0;1;Mauvais
637;476.1;5.3;1.4;0.95;3.4;9.2;2;1;0;2;Médiocre
638;180.0;6.2;0;1.26;1.2;8.3;3;1;0;3;Bon
639;253.3;3.4;7.9;0.12;4.3;10.4;0;0;1;3;Bon
640;405.8;16.2;7.0;0;1.5;8.6;0;0;0;1;Mauvais
641;115.1;0;1.8;0.48;0;0.9;2;0;1;2;Médiocre
642;345.1;13.8;6.1;0.81;3.4;13.9;0;0;0;2;Médiocre
643;274.8;18.1;6.8;0.76;3.6;7.6;0;0;1;1;Mauvais
644;283.1;12.7;4.6;1.15;6.0;1.7;0;0;1;1;Mauvais
645;265.8;7.3;6.4;0.6;3.3;16.1;2;0;0;3;Bon
646;152.2;18.7;0;0;3.0;8.5;2;0;0;4;Excellent
647;485.6;17.9;8.1;0;8.1;4.9;0;1;0;2;Médiocre
648;16.8;11.1;1.8;0.23;0.2;7.0;0;0;0;4;Excellent
649;233.7;22.1;7.5;0.42;4.7;7.8;0;0;0;2;Médiocre
650;125.5;21.0;4.8;0.99;0.8;8.6;1;0;0;2;Médiocre
651;37.3;21.8;2.8;1.34;3.8;10.3;2;0;1;2;Médiocre
652;97.7;0;5.2;0.68;3.6;7.6;0;0;0;4;Excellent
653;204.5;4.7;1.1;0;7.2;6.9;2;0;1;4;Excellent
654;279.4;2.0;0.7;1.24;1.4;2.3;1;0;1;1;Mauvais
655;249.1;0.7;0;0.7;3.2;0;1;0;0;3;Bon
656;219.1;5.5;0.4;1.04;0.7;11.6;0;0;1;3;Bon
657;194.1;2.7;4.7;0.07;2.8;8.0;3;0;1;3;Bon
658;119.6;2.1;0;0.04;4.7;6.6;1;0;1;4;Excellent
659;0;18.4;5.2;0.96;2.4;6.6;2;0;1;2;Médiocre
660;221.3;8.8;7.4;1.06;5.3;15.7;1;1;1;3;Bon
661;566.7;22.4;5.1;0.56;3.7;12.1;2;0;0;1;Mauvais
662;37.3;11.8;3.9;0.87;3.6;8.4;1;0;0;4;Excellent
663;240.8;3.8;6.4;0.35;1.8;0;0;0;0;2;Médiocre
664;434.1;2.4;0;1.15;4.3;12.9;1;0;1;2;Médiocre
665;169.4;6.0;8.0;0.33;2.7;3.6;1;0;0;2;Médiocre
666;247.1;23.9;2.9;0.86;1.6;0;1;0;0;1;Mauvais
667;484.8;26.7;1.7;1.68;2.1;7.2;1;0;0;1;Mauvais
668;314.0;12.5;3.0;1.51;2.2;8.3;3;0;1;1;Mauvais
669;455.0;15.2;5.0;1.71;5.4;0;2;0;0;1;Mauvais
670;262.8;12.3;4.7;0;5.2;4.9;0;1;0;4;Excellent
671;324.0;25.9;5.1;2.02;4.4;0;0;1;0;1;Mauvais
672;166.0;9.5;5.0;1.52;4.2;6.1;0;0;1;2;Médiocre
673;131.0;19.1;9.0;1.24;1.6;3.1;0;0;0;1;Mauvais
674;522.4;10.8;7.6;2.14;0;0;2;0;0;1;Mauvais
675;58.3;0;1.6;1.87;0.8;7.5;2;0;0;3;Bon
676;0;0;4.5;1.63;4.7;4.4;2;0;0;3;Bon
677;226.8;17.5;4.2;0.96;6.0;3.9;6;0;1;1;Mauvais
678;103.3;0;0;0.58;1.8;3.7;0;0;0;4;Excellent
679;422.4;3.8;4.0;1.71;2.3;0.3;1;0;0;1;Mauvais
680;198.6;7.9;4.4;1.05;0;1.8;5;0;1;1;Mauvais
681;252.8;18.2;4.0;1.29;0;9.3;0;0;1;1;Mauvais
682;324.6;21.4;0;0.77;3.3;0;3;1;0;2;Médiocre
683;379.3;25.2;3.8;1.47;0.7;8.4;2;1;1;1;Mauvais
684;258.3;13.5;0;0.8;0;7.6;6;0;1;1;Mauvais
685;132.1;1.7;3.3;0.89;5.2;4.7;1;0;0;4;Excellent
686;36.7;13.1;2.6;0;6.7;3.4;0;1;0;4;Excellent
687;184.7;0;3.8;1.46;2.2;3.5;2;0;0;3;Bon
688;101.2;20.0;6.9;0.38;4.0;11.9;3;0;0;2;Médiocre
689;6.7;22.8;3.8;0.54;0.2;0.5;0;1;0;3;Bon
690;102.7;39.5;4.1;0.77;6.5;10.3;1;0;0;2;Médiocre
691;223.5;5.6;7.0;2.13;0;9.8;0;1;1;1;Mauvais
692;367.3;6.1;1.1;0.2;4.0;4.8;0;0;0;3;Bon
693;42.7;14.1;4.9;0.93;3.0;6.4;1;0;1;2;Médiocre
694;0;0;4.5;0;0.8;7.8;1;0;0;4;Excellent
695;172.5;19.0;6.7;1.19;1.7;0;4;1;1;1;Mauvais
696;210.0;27.2;5.1;0.27;0.3;2.0;1;0;1;1;Mauvais
697;294.0;3.7;0.1;1.08;0.2;11.0;0;0;0;3;Bon
698;276.3;17.2;0.1;0.7;4.8;2.4;0;0;0;3;Bon
699;310.0;7.7;2.6;0.9;2.0;3.8;0;0;0;2;Médiocre
700;232.3;6.2;9.8;0.24;3.2;3.5;0;0;0;2;Médiocre
701;30.2;8.5;7.9;1.3;7.0;0;3;0;0;2;Médiocre
702;237.9;2.2;1.6;0.2;5.8;0;0;1;1;4;Excellent
703;460.1;0;3.8;0.78;5.9;9.3;4;0;1;1;Mauvais
704;142.6;0;0;0.7;3.4;11.9;1;0;1;4;Excellent
705;186.8;8.7;1.3;0;2.0;0.5;0;0;1;3;Bon
706;31.6;12.5;0;1.98;0.7;15.1;0;0;0;4;Excellent
707;308.3;7.3;1.0;0.85;6.7;6.3;4;0;1;2;Médiocre
708;63.4;0;4.1;0.2;1.0;6.3;2;0;0;4;Excellent
709;252.6;0;6.0;0;2.3;1.6;0;1;0;3;Bon
710;296.3;28.3;4.0;0.72;2.5;0.5;2;0;1;1;Mauvais
711;424.0;0;10.7;1.72;3.4;8.5;8;0;1;1;Mauvais
712;351.6;13.6;0;0.87;6.5;5.0;1;0;0;3;Bon
713;384.1;1.1;3.3;1.66;2.2;8.9;0;0;0;2;Médiocre
714;86.3;6.2;3.3;1.78;3.4;4.0;1;0;0;3;Bon
715;532.4;20.5;4.5;0.43;3.2;6.1;1;0;0;1;Mauvais
716;59.2;4.0;4.4;0.5;3.1;0;5;0;1;2;Médiocre
717;13.3;5.9;5.1;1.02;3.4;9.9;1;0;1;4;Excellent
718;135.1;21.5;0;1.47;5.1;7.0;6;0;1;1;Mauvais
719;77.2;16.5;2.8;0.11;5.3;6.6;1;0;1;4;Excellent
720;294.8;19.8;7.7;0;1.6;4.9;0;1;0;2;Médiocre
721;26.9;26.6;3.0;0.95;2.9;12.3;2;0;1;2;Médiocre
722;107.7;22.5;5.8;0.06;1.7;8.4;10;0;1;1;Mauvais
723;433.2;17.8;2.2;1.21;2.3;17.0;0;1;0;2;Médiocre
724;502.2;26.0;6.2;1.67;1.4;15.7;1;0;0;1;Mauvais
725;17.2;0;7.5;2.08;1.2;9.9;3;0;0;2;Médiocre
726;177.6;12.8;7.6;0.84;3.7;9.2;1;0;1;2;Médiocre
727;79.9;2.1;7.6;2.4;3.9;1.4;0;0;0;2;Médiocre
728;385.3;8.7;3.5;1.04;6.6;10.9;6;1;1;1;Mauvais
729;502.3;0;0.8;1.13;2.7;1.3;1;0;0;1;Mauvais
730;20.7;0;3.9;0;1.8;0;0;0;0;4;Excellent
731;0;0;1.2;0;1.2;6.5;0;0;0;4;Excellent
732;151.9;18.7;9.0;1.67;3.0;13.2;3;1;0;1;Mauvais
733;236.3;0;4.5;1.3;6.3;4.1;3;1;0;3;Bon
734;130.6;22.9;2.7;1.29;8.3;7.3;0;0;1;3;Bon
735;169.4;11.5;6.5;1.29;5.0;13.1;0;0;0;3;Bon
736;275.3;7.6;0;1.23;4.2;11.0;1;0;0;3;Bon
737;385.8;14.5;3.8;0;3.9;9.8;1;0;0;2;Médiocre
738;318.2;0;1.7;1.71;5.2;3.0;5;0;1;1;Mauvais
739;272.5;13.3;6.0;1.39;3.2;3.3;2;0;0;1;Mauvais
740;210.4;23.2;4.2;0.35;4.7;11.9;0;0;0;3;Bon
741;181.1;0;2.9;0.12;6.3;21.2;1;0;1;4;Excellent
742;288.1;13.7;1.9;1.08;1.8;4.3;0;0;0;2;Médiocre
743;236.3;20.1;2.1;1.3;2.7;8.4;0;1;0;2;Médiocre
744;304.1;9.5;6.9;2.14;1.6;10.2;0;1;0;1;Mauvais
745;242.7;2.5;4.7;0.08;0.5;12.2;0;0;0;3;Bon
746;423.8;4.4;5.7;1.67;3.9;6.1;1;0;0;1;Mauvais
747;313.4;23.8;3.9;2.03;6.3;0;8;0;1;1;Mauvais
748;294.4;10.0;0;1.48;2.5;7.0;2;0;1;1;Mauvais
749;309.3;0;3.8;0.2;1.0;0;7;1;1;1;Mauvais
750;276.0;2.1;3.7;1.18;3.9;10.0;2;0;0;2;Médiocre
751;132.4;10.7;4.9;1.73;1.5;6.0;0;0;1;2;Médiocre
752;300.7;0;4.0;1.92;2.9;6.9;0;0;0;2;Médiocre
753;88.5;19.5;3.5;0.98;4.9;0;0;0;1;2;Médiocre
754;490.8;9.7;4.3;0.52;2.9;2.1;2;0;0;1;Mauvais
755;270.3;19.8;0;0.27;3.0;4.1;0;0;0;3;Bon
756;308.8;7.1;0;0.86;2.7;6.2;0;1;0;3;Bon
757;344.4;15.3;10.7;0;5.5;10.6;2;0;0;1;Mauvais
758;360.0;0;3.4;0.66;3.0;9.1;0;0;1;2;Médiocre
759;297.3;22.9;1.0;0.55;4.2;10.8;0;1;0;3;Bon
760;279.6;7.8;3.0;1.49;3.7;4.6;5;1;1;1;Mauvais
761;193.9;6.1;6.1;0.39;6.5;0.8;0;1;1;3;Bon
762;483.5;27.3;9.6;0.18;1.8;5.1;1;0;0;1;Mauvais
763;167.8;29.5;3.2;1.03;6.2;3.3;6;0;1;1;Mauvais
764;575.6;12.3;6.6;1.5;1.9;11.5;2;0;0;1;Mauvais
765;359.5;10.0;12.2;1.85;4.0;11.5;0;0;0;1;Mauvais
766;123.8;27.6;2.7;0.43;0.4;9.9;1;0;0;2;Médiocre
767;87.9;18.2;2.3;0;2.5;3.5;0;0;1;3;Bon
768;293.1;10.3;0.6;1.75;6.1;0.1;0;1;0;2;Médiocre
769;321.6;13.9;8.5;0.58;2.6;7.8;7;0;1;1;Mauvais
770;488.7;20.5;4.5;0.69;2.3;8.5;0;0;0;1;Mauvais
771;240.6;0;3.2;0.32;1.1;9.4;3;0;0;3;Bon
772;354.9;0;6.7;0.26;5.7;0;1;0;0;2;Médiocre
773;318.3;16.9;2.5;0.51;4.7;14.6;1;0;0;3;Bon
774;85.2;0;6.8;1.73;2.0;4.4;0;1;0;3;Bon
775;423.1;17.4;4.1;0.28;0;4.7;0;0;0;1;Mauvais
776;260.7;9.0;1.2;2.12;5.3;7.3;0;0;1;2;Médiocre
777;465.1;9.5;6.5;1.15;2.9;4.7;3;1;0;1;Mauvais
778;319.3;5.4;5.9;1.35;3.8;5.5;2;0;0;1;Mauvais
779;441.2;33.8;0;0.7;0;0;0;0;0;1;Mauvais
780;0;20.9;4.4;0.21;3.9;13.6;0;1;0;4;Excellent
781;426.8;27.8;0;0.34;3.2;4.9;0;0;0;1;Mauvais
782;210.5;15.3;6.2;1.73;2.9;12.7;0;0;0;2;Médiocre
783;213.9;10.8;5.9;0.33;6.5;0;0;0;0;3;Bon
784;181.3;1.2;3.5;2.02;1.6;0.7;2;0;1;1;Mauvais
785;327.1;20.5;6.7;1.06;1.9;7.5;1;0;0;1;Mauvais
786;214.3;0;8.5;0.32;3.7;11.2;0;0;0;3;Bon
787;243.1;14.7;5.9;1.36;1.6;3.6;0;0;0;1;Mauvais
788;106.5;16.8;9.7;1.2;6.6;4.8;0;0;1;1;Mauvais
789;183.9;27.1;6.5;0.27;2.1;3.6;3;1;0;1;Mauvais
790;316.4;20.0;1.0;1.13;2.4;4.3;2;0;0;1;Mauvais
791;288.9;0;7.9;1.22;1.4;4.0;9;0;1;1;Mauvais
792;217.5;17.2;2.4;0.89;3.8;5.2;7;0;1;1;Mauvais
793;0;17.8;6.3;1.27;4.1;6.6;0;0;0;3;Bon
794;157.0;18.4;11.7;0.33;2.6;6.6;3;1;0;2;Médiocre
795;186.6;0;1.0;0.97;1.1;12.0;1;0;1;3;Bon
796;333.4;24.0;1.2;0.64;5.1;0.7;1;0;0;1;Mauvais
797;142.7;5.1;0;0.82;4.0;6.0;1;0;1;3;Bon
798;276.1;22.9;2.5;1.07;1.7;7.5;7;0;1;1;Mauvais
799;184.2;0;6.9;0.83;3.3;11.0;4;0;1;2;Médiocre
800;367.3;5.9;5.7;0.83;0;13.5;3;0;0;1;Mauvais
801;369.2;0;2.6;0.65;0;0;0;0;0;2;Médiocre
802;302.4;0.8;0.4;0.03;4.9;1.1;0;0;0;4;Excellent
803;67.9;17.4;3.4;0.72;1.5;0;0;0;0;2;Médiocre
804;160.7;5.1;4.4;2.08;2.1;12.9;0;0;0;3;Bon
805;198.9;35.1;1.0;0.19;2.0;5.9;1;0;1;1;Mauvais
806;77.8;26.6;1.3;1.24;4.0;7.3;7;1;1;1;Mauvais
807;131.0;32.1;4.7;0.45;4.6;7.2;1;0;1;2;Médiocre
808;171.3;10.3;3.6;0;3.2;8.1;0;0;1;3;Bon
809;292.6;27.8;6.2;0.63;0;8.4;0;0;0;1;Mauvais
810;109.0;11.2;4.6;1.15;1.0;0;0;0;0;2;Médiocre
811;345.0;0;0;0.89;0;10.8;3;0;0;2;Médiocre
812;110.8;22.1;5.7;0.94;5.9;8.3;1;0;0;3;Bon
813;302.7;20.0;4.7;0.25;6.3;10.2;1;0;1;2;Médiocre
814;334.0;0;1.3;0.58;0.5;3.3;0;0;0;2;Médiocre
815;199.2;20.0;5.8;1.82;0;7.1;1;1;1;1;Mauvais
816;148.3;8.2;0.3;0;8.5;6.2;0;0;0;4;Excellent
817;213.8;28.5;0.9;1.25;1.7;13.3;1;0;0;2;Médiocre
818;224.8;10.4;4.4;0.83;4.7;9.7;2;0;1;2;Médiocre
819;575.8;10.5;5.6;0.46;3.3;4.6;6;1;1;1;Mauvais
820;292.5;4.7;4.8;1.09;1.7;7.6;4;0;1;1;Mauvais
821;373.2;20.5;0.1;0.39;5.2;6.3;2;0;0;2;Médiocre
822;0;4.7;1.4;0;3.3;8.9;7;1;1;4;Excellent
823;325.9;16.2;0.9;0.4;5.7;0.4;0;0;1;2;Médiocre
824;275.9;21.3;10.0;0.61;0;6.3;0;0;1;1;Mauvais
825;202.9;7.5;7.5;0.1;3.3;17.6;0;1;0;4;Excellent
826;302.6;10.1;2.4;0.94;0.0;6.9;0;0;1;1;Mauvais
827;146.7;15.9;0.7;1.26;0.1;5.9;1;0;0;2;Médiocre
828;330.8;16.2;0.5;0.15;2.1;8.5;2;0;0;2;Médiocre
829;183.6;18.7;0;0.24;5.5;10.3;2;0;0;4;Excellent
830;228.9;15.5;6.5;1.99;3.3;7.6;1;0;1;1;Mauvais
831;132.0;0;0;0;0.5;4.1;0;1;0;4;Excellent
832;289.1;16.9;6.1;1.08;2.8;1.5;2;0;0;1;Mauvais
833;380.1;12.8;2.4;0;3.8;0;5;0;1;1;Mauvais
834;246.1;10.0;9.9;0.64;2.3;4.7;1;0;0;1;Mauvais
835;246.7;5.4;8.1;0.56;8.0;4.8;2;0;0;3;Bon
836;229.7;27.0;6.3;0.41;0;14.9;0;1;0;2;Médiocre
837;109.0;16.5;9.2;0.59;1.4;19.8;1;0;0;3;Bon
838;211.8;19.8;4.2;0.7;5.0;8.0;1;1;0;3;Bon
839;356.5;12.0;2.6;1.2;5.3;1.3;3;1;1;1;Mauvais
840;336.0;15.4;1.2;0.89;4.3;0.4;1;0;1;1;Mauvais
841;182.8;24.0;2.9;0.32;0;3.4;0;1;0;3;Bon
842;70.1;6.3;1.2;0.63;4.9;3.2;0;0;0;4;Excellent
843;123.7;16.9;7.8;0.93;5.5;5.6;3;0;0;2;Médiocre
844;372.2;21.0;1.7;0.6;3.1;2.0;1;1;0;2;Médiocre
845;294.2;13.1;6.1;0.04;2.4;9.0;0;0;0;3;Bon
846;339.6;14.2;7.0;1.58;1.2;7.1;2;0;0;1;Mauvais
847;440.5;12.0;5.0;0.99;3.8;12.4;3;0;1;1;Mauvais
848;507.9;10.0;6.1;0.17;4.6;0.2;4;0;1;1;Mauvais
849;353.0;28.9;3.0;0.49;2.8;0.7;1;0;0;1;Mauvais
850;181.0;3.3;3.5;0.53;0.7;9.6;0;0;0;4;Excellent
851;219.9;10.0;10.4;0;0;8.6;0;0;0;2;Médiocre
852;122.5;24.7;3.2;0.94;1.7;3.1;2;0;0;2;Médiocre
853;259.4;3.5;0;1.63;1.5;3.2;1;0;0;2;Médiocre
854;93.4;34.3;1.6;1.48;2.4;7.9;4;1;1;1;Mauvais
855;274.6;0;5.8;0;3.5;17.7;0;0;0;4;Excellent
856;197.3;8.8;4.7;0.61;3.3;0.2;4;0;1;1;Mauvais
857;0;32.9;2.2;0.62;3.0;12.4;0;0;1;3;Bon
858;106.7;1.2;5.6;1.85;4.8;4.1;1;0;1;2;Médiocre
859;420.1;4.4;0;0.83;0.4;4.6;0;0;0;2;Médiocre
860;301.0;13.7;4.5;0.31;4.3;9.4;2;0;1;1;Mauvais
861;508.1;20.4;5.2;0.75;0;2.5;5;0;1;1;Mauvais
862;228.0;7.4;0;1.04;2.9;8.2;0;0;0;3;Bon
863;32.1;7.3;7.9;0.39;4.3;4.5;0;0;0;4;Excellent
864;634.6;18.2;7.9;0.55;2.2;5.7;1;0;0;1;Mauvais
865;141.8;15.5;8.7;0;3.8;7.2;3;0;0;2;Médiocre
866;236.5;0;8.8;1.13;2.1;2.0;1;1;0;2;Médiocre
867;205.4;13.3;4.5;1.59;3.6;15.2;4;0;1;1;Mauvais
868;375.0;14.5;2.7;0.43;2.1;13.6;1;1;1;2;Médiocre
869;21.9;12.5;0;1.84;3.7;14.8;6;0;1;2;Médiocre
870;141.1;10.7;2.9;0.13;8.1;10.6;2;0;0;4;Excellent
871;350.2;10.9;3.9;0.39;0;13.6;0;0;0;2;Médiocre
872;374.0;19.7;6.4;0.9;0;13.2;0;0;0;1;Mauvais
873;218.4;14.0;4.5;1.17;2.3;7.7;0;0;0;2;Médiocre
874;107.6;27.8;1.1;1.06;2.5;0;0;1;0;3;Bon
875;458.0;0;0.2;0.98;0.2;4.5;0;0;0;1;Mauvais
876;176.7;20.5;1.9;0.42;0.6;0;3;0;1;1;Mauvais
877;242.0;18.3;0.9;0.95;0;9.7;1;0;1;1;Mauvais
878;230.1;15.3;6.2;1.72;2.2;16.9;0;0;1;1;Mauvais
879;279.5;13.8;1.6;0;2.4;6.3;2;1;0;3;Bon
880;129.8;0;1.1;1.56;1.1;4.3;0;0;0;3;Bon
881;70.1;25.4;0.3;1.23;4.0;5.0;0;0;0;3;Bon
882;0;16.9;2.7;0.55;8.5;10.2;5;1;1;4;Excellent
883;6.6;10.8;0.0;0.76;2.0;9.9;3;1;0;4;Excellent
884;67.0;11.7;1.0;0.61;2.5;0;1;1;0;4;Excellent
885;218.0;30.9;3.4;1.23;3.2;15.5;0;0;0;2;Médiocre
886;218.9;0;2.2;1.23;0;6.6;2;0;0;2;Médiocre
887;283.6;7.4;0;0.56;0.2;10.6;0;0;0;3;Bon
888;0;25.6;0.2;0.41;3.8;0;4;1;1;3;Bon
889;0;4.2;3.9;0.49;5.6;8.1;2;0;1;4;Excellent
890;104.0;19.3;3.6;0.51;7.3;0.6;1;0;0;3;Bon
891;121.4;17.9;5.3;0.37;1.7;7.4;0;0;0;3;Bon
892;111.4;22.6;1.7;1.24;0;6.6;6;1;1;1;Mauvais
893;0;3.6;0;0.24;1.0;9.0;0;1;1;4;Excellent
894;346.1;11.5;0.1;0.71;2.1;5.5;0;1;0;3;Bon
895;175.1;33.7;9.0;0.73;6.3;3.6;0;0;0;1;Mauvais
896;514.4;12.8;6.0;0.87;6.0;4.7;2;0;0;1;Mauvais
897;176.8;0;1.0;1.02;2.6;17.0;11;0;1;1;Mauvais
898;468.5;20.5;3.6;0.27;1.0;6.8;2;0;0;1;Mauvais
899;382.8;7.1;8.9;0.36;1.0;15.7;2;0;1;1;Mauvais
900;446.2;6.8;3.8;1.14;4.6;0;0;0;0;1;Mauvais
901;272.6;18.1;2.0;1.03;0.6;11.5;2;0;0;1;Mauvais
902;263.2;20.3;0;0.9;1.2;9.9;1;1;1;2;Médiocre
903;366.9;19.4;3.4;1.07;1.7;0;3;0;0;1;Mauvais
904;261.0;20.3;0;0.74;3.2;5.3;3;0;0;2;Médiocre
905;1.6;25.1;3.4;1.76;0.5;14.8;0;0;0;3;Bon
906;9.8;0;2.0;0.45;2.6;6.4;2;0;1;4;Excellent
907;154.8;2.0;2.7;1.1;4.7;12.2;4;0;1;3;Bon
908;215.3;0;4.6;0.83;4.1;6.1;1;0;1;2;Médiocre
909;264.8;4.5;3.8;1.11;3.8;0;0;0;0;2;Médiocre
910;229.2;12.9;6.0;0.08;5.4;13.7;3;0;0;3;Bon
911;219.6;11.8;3.7;1.2;2.7;14.3;1;0;1;2;Médiocre
912;147.4;10.4;7.5;0.88;1.1;10.0;1;1;1;2;Médiocre
913;265.1;21.5;0.0;0.47;0.7;14.9;8;1;1;1;Mauvais
914;372.3;22.7;0;0.96;1.3;5.5;3;0;0;1;Mauvais
915;171.6;23.6;3.7;0.84;1.5;0;3;0;0;1;Mauvais
916;207.0;0.4;9.9;0;4.0;8.2;2;0;0;2;Médiocre
917;325.5;21.3;4.8;0.77;1.6;8.4;3;0;0;1;Mauvais
918;206.7;22.2;2.1;2.1;1.6;1.6;2;0;0;1;Mauvais
919;304.5;25.2;3.2;0.09;3.0;12.6;6;0;1;1;Mauvais
920;362.6;21.2;4.2;0.73;1.8;8.4;0;0;0;1;Mauvais
921;128.0;9.9;7.1;1.05;4.3;10.9;1;0;0;3;Bon
922;371.2;0;1.8;0.54;1.2;3.4;0;0;0;2;Médiocre
923;244.7;16.6;5.2;0.04;3.2;2.5;3;0;0;2;Médiocre
924;370.5;27.2;5.3;0.78;3.5;4.3;0;0;0;1;Mauvais
925;186.5;4.3;2.5;0.8;0.7;5.2;1;0;0;3;Bon
926;449.9;0;11.0;0.4;5.0;0.2;4;0;1;1;Mauvais
927;179.3;0.3;1.4;1.02;5.4;7.8;1;0;0;4;Excellent
928;581.5;11.7;2.6;1.05;3.0;6.3;1;0;1;1;Mauvais
929;177.2;17.6;7.6;0.41;5.0;7.8;1;1;0;3;Bon
930;506.4;8.6;8.5;0;6.5;6.9;1;0;0;2;Médiocre
931;282.9;12.6;5.4;0.59;2.6;0;0;0;0;1;Mauvais
932;515.3;14.0;5.5;0.37;1.6;0;1;0;0;1;Mauvais
933;359.1;0;9.1;1.24;0;6.9;0;0;0;1;Mauvais
934;358.0;26.7;4.1;0.76;2.7;11.6;0;0;0;1;Mauvais
935;295.4;14.9;3.8;0.42;0;0;3;0;1;1;Mauvais
936;233.0;4.6;6.2;0.07;4.3;5.1;3;1;1;3;Bon
937;327.5;18.7;4.3;1.18;4.2;4.9;0;0;0;1;Mauvais
938;133.2;23.7;0;1.06;3.3;5.8;4;0;1;1;Mauvais
939;211.8;3.2;6.0;0;4.0;14.5;1;0;0;4;Excellent
940;317.9;13.0;3.0;0.48;5.1;12.1;1;0;0;3;Bon
941;396.3;12.5;1.8;1.55;7.5;13.5;0;0;1;2;Médiocre
942;120.3;16.0;5.2;0.4;1.4;10.2;2;0;0;3;Bon
943;37.7;20.2;6.9;0.63;5.9;8.1;5;0;1;2;Médiocre
944;72.8;34.0;6.5;0.7;3.4;0;1;1;1;1;Mauvais
945;258.2;18.7;5.9;1.04;1.1;0;1;0;0;1;Mauvais
946;152.2;0;1.2;0;1.8;0;0;1;0;4;Excellent
947;207.6;14.4;0;0.87;1.5;5.2;2;0;0;2;Médiocre
948;70.5;1.3;7.7;0.36;4.0;9.5;0;0;0;4;Excellent
949;219.8;21.7;4.3;0.66;5.5;5.7;0;0;0;2;Médiocre
950;224.7;7.7;7.5;0;5.2;7.3;1;0;0;3;Bon
951;53.9;21.9;3.2;1.24;0.7;1.9;3;0;0;1;Mauvais
952;119.8;9.9;5.9;0;0.6;6.0;2;1;0;4;Excellent
953;332.8;29.3;3.5;0.15;4.9;8.2;0;0;0;2;Médiocre
954;248.1;21.1;2.4;1.86;1.5;6.2;0;1;0;2;Médiocre
955;226.1;14.1;3.8;0.35;4.0;8.1;2;0;0;3;Bon
956;371.5;0;3.6;0.07;2.0;7.5;1;1;0;4;Excellent
957;0;30.9;10.0;1.45;3.0;1.8;0;0;0;1;Mauvais
958;327.5;2.9;5.5;1.06;2.9;11.2;1;0;1;2;Médiocre
959;16.6;14.9;0;1.18;3.4;3.0;2;0;0;3;Bon
960;227.3;13.1;2.6;0.96;2.6;13.7;8;0;1;1;Mauvais
961;198.0;27.3;5.9;0.09;1.5;3.7;1;0;1;1;Mauvais
962;103.5;15.8;3.9;0.39;1.8;0;0;1;0;3;Bon
963;356.8;39.9;2.3;1.17;1.5;13.9;0;0;1;1;Mauvais
964;280.5;11.9;7.8;0.67;1.2;7.2;5;1;1;1;Mauvais
965;330.6;16.0;7.9;0.76;3.6;9.7;3;0;0;1;Mauvais
966;85.1;18.7;2.8;1.32;7.1;13.4;7;0;1;2;Médiocre
967;34.1;24.4;0.7;0.82;4.3;2.2;5;1;1;2;Médiocre
968;171.2;21.6;7.1;1.96;0.3;11.9;8;0;1;1;Mauvais
969;375.5;22.6;8.1;0.79;2.3;0;0;0;0;1;Mauvais
970;91.7;24.0;7.3;0.22;0;3.8;4;1;1;1;Mauvais
971;399.1;33.0;6.3;0.55;1.6;17.2;0;0;1;1;Mauvais
972;150.3;6.5;5.5;0.63;0;10.0;0;1;0;4;Excellent
973;234.9;7.0;4.7;0;2.5;6.8;1;0;0;3;Bon
974;265.6;2.6;3.3;0.1;1.4;2.7;0;1;0;4;Excellent
975;315.0;15.9;1.7;1.08;6.8;2.4;0;1;0;3;Bon
976;242.6;20.3;0;1.16;2.0;0.8;2;0;1;1;Mauvais
977;158.5;18.9;2.2;2.2;4.9;12.9;1;0;0;3;Bon
978;320.5;18.6;0.8;1.37;4.7;7.6;0;0;0;2;Médiocre
979;392.8;11.8;2.7;0.55;2.2;9.4;4;0;1;1;Mauvais
980;165.1;12.6;2.2;0.74;3.3;6.5;6;0;1;1;Mauvais
981;207.0;29.1;5.1;0;1.3;11.3;5;0;1;1;Mauvais
982;262.8;18.7;2.4;0.28;4.8;9.6;0;0;0;3;Bon
983;241.2;28.4;2.4;0;3.1;14.6;1;1;0;3;Bon
984;347.1;29.5;10.0;1.3;2.1;6.7;0;0;0;1;Mauvais
985;274.1;3.4;2.7;0.5;3.8;8.4;0;0;1;3;Bon
986;7.7;2.2;8.8;1.61;3.3;3.8;3;0;0;2;Médiocre
987;324.2;22.7;0;0.67;1.5;16.6;0;0;0;2;Médiocre
988;584.5;8.6;1.4;0.84;5.8;6.1;0;1;0;2;Médiocre
989;163.7;10.5;4.9;0;3.7;12.7;0;0;1;3;Bon
990;176.8;9.5;6.8;1.65;4.1;0;2;1;0;2;Médiocre
991;210.5;35.1;0;1.01;2.5;9.6;0;0;0;2;Médiocre
992;135.9;18.4;4.2;0.19;5.3;6.1;3;0;0;2;Médiocre
993;212.4;21.3;1.7;1.76;1.5;12.7;0;0;0;2;Médiocre
994;28.0;14.0;0;1.1;6.5;9.1;2;0;0;4;Excellent
995;204.2;15.3;2.5;0.43;0;15.3;0;1;0;4;Excellent
996;181.2;15.0;5.5;1.21;3.3;9.0;0;0;0;2;Médiocre
997;242.4;14.0;4.2;0.58;3.9;0;0;0;0;2;Médiocre
998;313.3;22.3;1.4;0.93;1.3;0;0;0;1;1;Mauvais
999;121.5;19.0;7.5;1.02;5.6;3.9;0;0;1;2;Médiocre
1000;290.7;0.7;0.2;0.41;2.7;0.6;8;0;1;1;Mauvais
